<?xml version="1.0" encoding="UTF-8"?>
<project-private xmlns="http://www.netbeans.org/ns/project-private/1">
    <editor-bookmarks xmlns="http://www.netbeans.org/ns/editor-bookmarks/2" lastBookmarkId="0"/>
    <open-files xmlns="http://www.netbeans.org/ns/projectui-open-files/2">
        <group>
            <file>file:/C:/Users/91776/OneDrive/Desktop/MCLAB/SSD_KEY_INC.X/main.h</file>
            <file>file:/C:/Users/91776/OneDrive/Desktop/MCLAB/SSD_KEY_INC.X/ssd_display.h</file>
            <file>file:/C:/Users/91776/OneDrive/Desktop/MCLAB/SSD_KEY_INC.X/ssd_display.c</file>
            <file>file:/C:/Users/91776/OneDrive/Desktop/MCLAB/SSD_KEY_INC.X/digital_keypad.c</file>
            <file>file:/C:/Users/91776/OneDrive/Desktop/MCLAB/SSD_KEY_INC.X/main.c</file>
            <file>file:/C:/Users/91776/OneDrive/Desktop/MCLAB/SSD_KEY_INC.X/digital_keypad.h</file>
        </group>
    </open-files>
</project-private>
