<?xml version="1.0" encoding="UTF-8"?>
<project-private xmlns="http://www.netbeans.org/ns/project-private/1">
    <editor-bookmarks xmlns="http://www.netbeans.org/ns/editor-bookmarks/2" lastBookmarkId="0"/>
    <open-files xmlns="http://www.netbeans.org/ns/projectui-open-files/2">
        <group>
            <file>file:/C:/Users/91776/OneDrive/Desktop/MCLAB/3LED_TIMMER.X/main.c</file>
            <file>file:/C:/Users/91776/OneDrive/Desktop/MCLAB/3LED_TIMMER.X/timer0.h</file>
            <file>file:/C:/Users/91776/OneDrive/Desktop/MCLAB/3LED_TIMMER.X/timer0.c</file>
            <file>file:/C:/Users/91776/OneDrive/Desktop/MCLAB/3LED_TIMMER.X/main.h</file>
            <file>file:/C:/Users/91776/OneDrive/Desktop/MCLAB/3LED_TIMMER.X/timer1.c</file>
            <file>file:/C:/Users/91776/OneDrive/Desktop/MCLAB/3LED_TIMMER.X/isr.c</file>
            <file>file:/C:/Users/91776/OneDrive/Desktop/MCLAB/3LED_TIMMER.X/timer2.c</file>
        </group>
    </open-files>
</project-private>
