<?xml version="1.0" encoding="UTF-8"?>
<project-private xmlns="http://www.netbeans.org/ns/project-private/1">
    <editor-bookmarks xmlns="http://www.netbeans.org/ns/editor-bookmarks/2" lastBookmarkId="0"/>
    <open-files xmlns="http://www.netbeans.org/ns/projectui-open-files/2">
        <group>
            <file>file:/C:/Users/windows%2010/OneDrive/Desktop/MICROCONTROLLER/MP%20LAB/A11_Dynamic_clock.X/main.c</file>
            <file>file:/C:/Users/windows%2010/OneDrive/Desktop/MICROCONTROLLER/MP%20LAB/A11_Dynamic_clock.X/isr.c</file>
            <file>file:/C:/Users/windows%2010/OneDrive/Desktop/MICROCONTROLLER/MP%20LAB/A11_Dynamic_clock.X/ssd_display.c</file>
            <file>file:/C:/Users/windows%2010/OneDrive/Desktop/MICROCONTROLLER/MP%20LAB/A11_Dynamic_clock.X/timer0.c</file>
        </group>
    </open-files>
</project-private>
